{
    "openapi": "3.0.0",
    "info": {
        "title": "API DOCUMENTATION",
        "version": "1.0"
    },
    "paths": {
        "/api/points": {
            "post": {
                "tags": [
                    "Points Features"
                ],
                "operationId": "/api/points",
                "parameters": [
                    {
                        "name": "customer_id",
                        "in": "query",
                        "description": "The customer id",
                        "required": true,
                        "schema": {
                            "type": "required|numeric"
                        }
                    },
                    {
                        "name": "point",
                        "in": "query",
                        "description": "Points to credit or debit",
                        "required": false,
                        "schema": {
                            "type": "required|numeric"
                        }
                    },
                    {
                        "name": "transaction_type",
                        "in": "query",
                        "description": "Reason for points addition or deduction",
                        "required": false,
                        "schema": {
                            "type": "required|numeric"
                        }
                    },
                    {
                        "name": "status",
                        "in": "query",
                        "description": "Points to credit or debit",
                        "required": false,
                        "schema": {
                            "type": "required|string",
                            "enum": [
                                "male",
                                "female"
                            ]
                        }
                    }
                ],
                "responses": {
                    "200": {
                        "description": "Returns some sample category things",
                        "content": {
                            "application/json": {
                                "schema": {}
                            }
                        }
                    },
                    "400": {
                        "description": "Error: Bad request. When required parameters were not supplied."
                    }
                }
            }
        }
    }
}